products_May-18_12-19-24PM,,,,,,,,,,,,,,,,,,,,,,,,,,,,,,
id,Variant_ID,product_type,link,title,description,SKU,Option Name 1,Option Value 1,avalibility ,Brand,Option Name 3,Option Value 3,Option Name 4,Option Value 4,Option Name 5,Option Value 5,Option Name 6,Option Value 6,Price,Sale Price,Stock,Categories,Tags,Weight,Length,Width,Height,Visible,image_link,additional_image_link
60a2900182943a23ab057d25,582e5a15-0986-46fd-ac81-989f4d436e3e,Hand embroidery Shop,https://withashleycrafts.com/shop-fabric-online-fabric-store-inspiration-quilt-kits/p/dmc-gold-embroidery-hand-needles-22k-gold-plated-steel-hand-quilting-embroidery-cross-stitching-needle-crafting-of-all-kinds,"DMC Gold Embroidery Hand Needles - 22K Gold plated Steel - Hand quilting, embroidery, cross stitching, needle-crafting of all kinds!","DMC-Gold Embroidery Hand Needles come in sizes 1, 3, and 5. These superior quality needles are resistant to humidity, body oils and rust. Perfect for cross-stitch, needlepoint, and counted thread- work. Four needles per package. Made in France.",SQ7902029,,,in stock,With Ashley Fabric & Crafts ,,,,,,,,,3.29,0,1,/hand-embroidery-shop-dmc-floss-thread-needles-pattern/hand-needles,"dmc, hand sewing needle, embroidery shop, hand embroidery, needle",0,0,0,0,Yes,https://images.squarespace-cdn.com/content/v1/5f4005a8d7146f58de2916d1/1621266576005-A0AANXXE810JMDQ0X0DV/ke17ZwdGBToddI8pDm48kOeJ2153rBDs90A3mo0IdcZ7gQa3H78H3Y0txjaiv_0fDoOvxcdMmMKkDsyUqMSsMWxHk725yiiHCCLfrh8O1z5QPOohDIaIeljMHgDF5CVlOqpeNLcJ80NK65_fV7S1URgjVbaYUaYaNv_e6s74S2ivVgFGDNKF553F2hua1YRAN_s9_I7AJLAVBjIvk6XmdA/il_1588xN.2639031350_rm3t.jpg,
60a290a48a5fb2664bca2ffe,bcadf6d4-7a06-4a85-9c82-fc8b664d346a,Hand embroidery Shop,https://withashleycrafts.com/shop-fabric-online-fabric-store-inspiration-quilt-kits/p/dmc-6-strand-embroidery-cotton-87yd-thread-skein-embroidery-thread-hand-quilting-punch-needle,"DMC 6-Strand Embroidery Cotton 8.7yd - Thread Skein Embroidery Thread, Hand Quilting, Punch Needle","DMC-Six-Strand Embroidery Cotton. A brilliant, six-strand floss made from double mercerized, long staple 100% cotton fibers. This thread made of highly mercerized cotton is lustrous and made of 100% cotton. Perfect for Cross Stitching, Needlepoint and Embroidery on a wide variety of fabrics when a rich raised pattern is desired and for the finest of crocheted lace.",DMC 01,Color,01 - White Tin,in stock,With Ashley Fabric & Crafts ,,,,,,,,,0.99,0,2,/hand-embroidery-shop-dmc-floss-thread-needles-pattern/dmc-embroidery-floss,"dmc, hand sewing needle, embroidery shop, hand embroidery, needle",0,0,0,0,Yes,https://images.squarespace-cdn.com/content/v1/5f4005a8d7146f58de2916d1/1621266704333-WFJ4ITOUYAIG3YZQ54B0/ke17ZwdGBToddI8pDm48kDe6IYIk-hW97MHHqp8qvB8UqsxRUqqbr1mOJYKfIPR7LoDQ9mXPOjoJoqy81S2I8PaoYXhp6HxIwZIk7-Mi3Tsic-L2IOPH3Dwrhl-Ne3Z2f-GpG2LwuouW5woP6eK0ggpg3gPXZs52Rt-MScwTMkAbq_pQtFqHzdGAdcBYPmVt/il_794xN.3009925198_9s2l.jpg https://images.squarespace-cdn.com/content/v1/5f4005a8d7146f58de2916d1/1621266704343-O8MUYQZHAD1T8GHR2EUD/ke17ZwdGBToddI8pDm48kDe6IYIk-hW97MHHqp8qvB8UqsxRUqqbr1mOJYKfIPR7LoDQ9mXPOjoJoqy81S2I8PaoYXhp6HxIwZIk7-Mi3Tsic-L2IOPH3Dwrhl-Ne3Z2f-GpG2LwuouW5woP6eK0ggpg3gPXZs52Rt-MScwTMkAbq_pQtFqHzdGAdcBYPmVt/il_794xN.3010169224_s8w6.jpg https://images.squarespace-cdn.com/content/v1/5f4005a8d7146f58de2916d1/1621266704273-XX4IY0J71RTRZK1F374T/ke17ZwdGBToddI8pDm48kDe6IYIk-hW97MHHqp8qvB8UqsxRUqqbr1mOJYKfIPR7LoDQ9mXPOjoJoqy81S2I8PaoYXhp6HxIwZIk7-Mi3Tsic-L2IOPH3Dwrhl-Ne3Z2f-GpG2LwuouW5woP6eK0ggpg3gPXZs52Rt-MScwTMkAbq_pQtFqHzdGAdcBYPmVt/il_794xN.3010169226_bsyw.jpg https://images.squarespace-cdn.com/content/v1/5f4005a8d7146f58de2916d1/1621266704200-MHEIWCECQIBGFE86MP9O/ke17ZwdGBToddI8pDm48kO3pHbRXFRGodr8JQh_7bq9Zw-zPPgdn4jUwVcJE1ZvWQUxwkmyExglNqGp0IvTJZamWLI2zvYWH8K3-s_4yszcp2ryTI0HqTOaaUohrI8PITcWO9mKU3eqc2W4uxC_tmlyNmSsWfTSmtgr0c1XnE7kKMshLAGzx4R3EDFOm1kBS/il_794xN.3010169348_6hny.jpg https://images.squarespace-cdn.com/content/v1/5f4005a8d7146f58de2916d1/1621266704372-6QNE8X589OR9DZ5CLJLT/ke17ZwdGBToddI8pDm48kDe6IYIk-hW97MHHqp8qvB8UqsxRUqqbr1mOJYKfIPR7LoDQ9mXPOjoJoqy81S2I8PaoYXhp6HxIwZIk7-Mi3Tsic-L2IOPH3Dwrhl-Ne3Z2f-GpG2LwuouW5woP6eK0ggpg3gPXZs52Rt-MScwTMkAbq_pQtFqHzdGAdcBYPmVt/il_794xN.3010169350_bp3t.jpg https://images.squarespace-cdn.com/content/v1/5f4005a8d7146f58de2916d1/1621266704275-QLPSSX7OG6Z92QHBGIZP/ke17ZwdGBToddI8pDm48kDe6IYIk-hW97MHHqp8qvB8UqsxRUqqbr1mOJYKfIPR7LoDQ9mXPOjoJoqy81S2I8PaoYXhp6HxIwZIk7-Mi3Tsic-L2IOPH3Dwrhl-Ne3Z2f-GpG2LwuouW5woP6eK0ggpg3gPXZs52Rt-MScwTMkAbq_pQtFqHzdGAdcBYPmVt/il_794xN.3057878985_puk4.jpg https://images.squarespace-cdn.com/content/v1/5f4005a8d7146f58de2916d1/1621266704236-8B17KUTV2G829AZMF5MK/ke17ZwdGBToddI8pDm48kDe6IYIk-hW97MHHqp8qvB8UqsxRUqqbr1mOJYKfIPR7LoDQ9mXPOjoJoqy81S2I8PaoYXhp6HxIwZIk7-Mi3Tsic-L2IOPH3Dwrhl-Ne3Z2f-GpG2LwuouW5woP6eK0ggpg3gPXZs52Rt-MScwTMkAbq_pQtFqHzdGAdcBYPmVt/il_794xN.3057878987_c4bg.jpg https://images.squarespace-cdn.com/content/v1/5f4005a8d7146f58de2916d1/1621266704432-NTCDNIN7JZCIT1JMKN9L/ke17ZwdGBToddI8pDm48kDe6IYIk-hW97MHHqp8qvB8UqsxRUqqbr1mOJYKfIPR7LoDQ9mXPOjoJoqy81S2I8PaoYXhp6HxIwZIk7-Mi3Tsic-L2IOPH3Dwrhl-Ne3Z2f-GpG2LwuouW5woP6eK0ggpg3gPXZs52Rt-MScwTMkAbq_pQtFqHzdGAdcBYPmVt/il_794xN.3057878989_j3a4.jpg https://images.squarespace-cdn.com/content/v1/5f4005a8d7146f58de2916d1/1621266704754-HATPE4NJEHDCOEOELO16/ke17ZwdGBToddI8pDm48kNI1fk7QzWItCEYEYXVDg5V7gQa3H78H3Y0txjaiv_0fDoOvxcdMmMKkDsyUqMSsMWxHk725yiiHCCLfrh8O1z5QPOohDIaIeljMHgDF5CVlOqpeNLcJ80NK65_fV7S1UcWQ-s95RhE8AVrNl6faCaxlY2MVpsNFghy7QfgMAw_WcTyyucow4w2PP5cyTif0EQ/il_1588xN.3010170080_2trg.jpg,
,32043736-5c31-4460-afaa-a6e04fd045eb,,,,,DMC 20,Color,20 - Shrimp,in stock,With Ashley Fabric & Crafts ,,,,,,,,,0.99,0,2,,,0,0,0,0,,,
,d54ddd02-e291-4100-a33a-66a41ef6f57a,,,,,DMC 22,Color,22 - Alizarin,in stock,With Ashley Fabric & Crafts ,,,,,,,,,0.99,0,2,,,0,0,0,0,,,
,a4604326-a657-481d-b4f9-161144eaae21,,,,,DMC 23,Color,23 - Apple Blossom,in stock,With Ashley Fabric & Crafts ,,,,,,,,,0.99,0,2,,,0,0,0,0,,,
,c3bc9c5d-9f94-4bd6-a029-3535c7f7d8ed,,,,,DMC 151,Color,151 - Very Light Dusty Rose-Lighter than 3354,in stock,With Ashley Fabric & Crafts ,,,,,,,,,0.99,0,2,,,0,0,0,0,,,
,83b97825-3845-4527-ab78-9893fe4a775a,,,,,DMC 152,Color,152 - Medium Light Shell Pink,in stock,With Ashley Fabric & Crafts ,,,,,,,,,0.99,0,2,,,0,0,0,0,,,
,8db65829-95c4-4b75-9cb2-eb5dee445236,,,,,DMC 310,Color,310 - Black,in stock,With Ashley Fabric & Crafts ,,,,,,,,,0.99,0,2,,,0,0,0,0,,,
,523784df-d5c5-44bc-92c0-5d92c5c9b2fb,,,,,DMC 316,Color,316 - Medium Antique Mauve,in stock,With Ashley Fabric & Crafts ,,,,,,,,,0.99,0,2,,,0,0,0,0,,,
,30ae9b37-950c-4533-becd-4416b5cf07f2,,,,,DMC 352,Color,352 - Light Coral,in stock,With Ashley Fabric & Crafts ,,,,,,,,,0.99,0,2,,,0,0,0,0,,,
,ce67a02e-7922-42f1-acd1-f4dcec8f56a4,,,,,DMC 353,Color,353 - Peach,in stock,With Ashley Fabric & Crafts ,,,,,,,,,0.99,0,2,,,0,0,0,0,,,
,64ecf752-a491-4b67-89dd-e56e1266147f,,,,,DMC 355,Color,355 - Dark Terra Cotta,in stock,With Ashley Fabric & Crafts ,,,,,,,,,0.99,0,2,,,0,0,0,0,,,
,2fd6aeb6-0ac0-43eb-a701-d2bff5493d10,,,,,DMC  453,Color,453 - Light Shell Grey,in stock,With Ashley Fabric & Crafts ,,,,,,,,,0.99,0,2,,,0,0,0,0,,,
,51bc992d-10a7-4609-86ef-43c3e8809264,,,,,DMC  746,Color,746 - Off White,in stock,With Ashley Fabric & Crafts ,,,,,,,,,0.99,0,2,,,0,0,0,0,,,
,ee491675-8241-43fd-9054-503c23b94992,,,,,DMC  754,Color,754 - Light Peach,in stock,With Ashley Fabric & Crafts ,,,,,,,,,0.99,0,2,,,0,0,0,0,,,
,bcb4f8ac-5048-4f60-bad2-69801717687d,,,,,DMC 760,Color,760 - Salmon,in stock,With Ashley Fabric & Crafts ,,,,,,,,,0.99,0,2,,,0,0,0,0,,,
,aa9a1234-0f6d-4703-a413-7ca842bf586e,,,,,DMC  762,Color,762 - Very Light Pearl Grey,in stock,With Ashley Fabric & Crafts ,,,,,,,,,0.99,0,2,,,0,0,0,0,,,
,4bc692d8-4ef8-4ac4-bba7-b287d7a63c86,,,,,DMC  3708,Color,3708 - Melon,in stock,With Ashley Fabric & Crafts ,,,,,,,,,0.99,0,2,,,0,0,0,0,,,
,6ac0e3f7-244d-4c2c-8e0b-9c0f2db63d94,,,,,DMC  3823,Color,3823 - Ultra Pale Yellow,in stock,With Ashley Fabric & Crafts ,,,,,,,,,0.99,0,2,,,0,0,0,0,,,
,ef67f2f7-39a0-43ef-9237-d381afb3dbad,,,,,DMC 3824,Color,3824 - Light Apricot,in stock,With Ashley Fabric & Crafts ,,,,,,,,,0.99,0,2,,,0,0,0,0,,,
,e47a2744-e77e-4ebf-917b-9209ada31395,,,,,DMC  3825,Color,3825 - Pale Pumpkin,in stock,With Ashley Fabric & Crafts ,,,,,,,,,0.99,0,2,,,0,0,0,0,,,
,91d7b248-2f26-4936-9850-71bd70bde27b,,,,,DMC  3826,Color,3826 - Golden Brown,in stock,With Ashley Fabric & Crafts ,,,,,,,,,0.99,0,2,,,0,0,0,0,,,
,6bd91e67-dfcc-4186-a2bc-8bd847b39759,,,,,DMC 3830,Color,3830 - Terra Cotta,in stock,With Ashley Fabric & Crafts ,,,,,,,,,0.99,0,2,,,0,0,0,0,,,
,e837b5a7-ae41-4b03-bd7d-87225fa7b442,,,,,DMC 3865,Color,3865 - Winter White,in stock,With Ashley Fabric & Crafts ,,,,,,,,,0.99,0,2,,,0,0,0,0,,,
60a295d382943a23ab057e9c,4e0782e5-85e0-4096-8929-5db77b923dbb,Fabric ,https://withashleycrafts.com/shop-fabric-online-fabric-store-inspiration-quilt-kits/p/pink-summer-garden-fat-quarter-bundle,Pink Summer Garden Fabric Fat Quarter Bundle,Limited quantity Fat Quarter Bundle from @withashleyfabric is back! Enjoy a spring summer garden themed fabric bundle! Unique fabric bundle of (9) Fat Quarters (18'' x 22'') curated to create a natural versatile color bundle ready for crafting of any kind for the season!,SQ1365617,,,in stock,With Ashley Fabric & Crafts ,,,,,,,,,31.99,0,2,/fat-quarter-bundles,"fat quarter bundle, quilt bundle, art gallery fabric",0,6,4,1,Yes,https://images.squarespace-cdn.com/content/v1/5f4005a8d7146f58de2916d1/1621268055737-22YPE3N8N0Z9GM5EZELG/ke17ZwdGBToddI8pDm48kKT96-mTqGc-stp-zZRIm9p7gQa3H78H3Y0txjaiv_0fDoOvxcdMmMKkDsyUqMSsMWxHk725yiiHCCLfrh8O1z5QPOohDIaIeljMHgDF5CVlOqpeNLcJ80NK65_fV7S1UTNp7wJXdR1xX66M6thRzqrQ6_o4HcW8ZfkNO26r5aioETgZ1M0luSsj-o69URGWyw/IMG_0483.jpg https://images.squarespace-cdn.com/content/v1/5f4005a8d7146f58de2916d1/1621268054638-Q67SRFZJ340P4BP9KP7C/ke17ZwdGBToddI8pDm48kNKi3mRyESBQo-dfblj4L6x7gQa3H78H3Y0txjaiv_0fDoOvxcdMmMKkDsyUqMSsMWxHk725yiiHCCLfrh8O1z5QPOohDIaIeljMHgDF5CVlOqpeNLcJ80NK65_fV7S1UUxJ9um-2jnXf0Zna9uuCc9Zb24LwtljKCQIdyp55ZmhWMKKNav6h1XbbmJwkennvQ/IMG_0474.jpg https://images.squarespace-cdn.com/content/v1/5f4005a8d7146f58de2916d1/1621268055808-YR2VCTLRQHG9260JOVSZ/ke17ZwdGBToddI8pDm48kKT96-mTqGc-stp-zZRIm9p7gQa3H78H3Y0txjaiv_0fDoOvxcdMmMKkDsyUqMSsMWxHk725yiiHCCLfrh8O1z5QPOohDIaIeljMHgDF5CVlOqpeNLcJ80NK65_fV7S1UTNp7wJXdR1xX66M6thRzqrQ6_o4HcW8ZfkNO26r5aioETgZ1M0luSsj-o69URGWyw/IMG_0475.jpg https://images.squarespace-cdn.com/content/v1/5f4005a8d7146f58de2916d1/1621268054894-37W2857PVV0NHC2IT78A/ke17ZwdGBToddI8pDm48kOIKNjNhItJQ7RHTXirLcrZ7gQa3H78H3Y0txjaiv_0fDoOvxcdMmMKkDsyUqMSsMWxHk725yiiHCCLfrh8O1z5QPOohDIaIeljMHgDF5CVlOqpeNLcJ80NK65_fV7S1UZe7cCSmuUecTgDmLuIROpIM_d2MHepaumgpkcmIaKgaTaIpBKTr91CW8Hu-LnUQUQ/IMG_0476.jpg https://images.squarespace-cdn.com/content/v1/5f4005a8d7146f58de2916d1/1621268053928-IPNYX6DFZKKDFS1143NS/ke17ZwdGBToddI8pDm48kKjPRQL5xWN2aSGHiEz_ued7gQa3H78H3Y0txjaiv_0fDoOvxcdMmMKkDsyUqMSsMWxHk725yiiHCCLfrh8O1z5QHyNOqBUUEtDDsRWrJLTmjw4y9jm25X_CplAKqpK2frH8vSSqxoZdCOQr38rV54sbhuWxotCACGsDv6P_9WxT/IMG_0478.jpg https://images.squarespace-cdn.com/content/v1/5f4005a8d7146f58de2916d1/1621268055654-26TS79DNTG7BYLVJ7FFQ/ke17ZwdGBToddI8pDm48kKT96-mTqGc-stp-zZRIm9p7gQa3H78H3Y0txjaiv_0fDoOvxcdMmMKkDsyUqMSsMWxHk725yiiHCCLfrh8O1z5QPOohDIaIeljMHgDF5CVlOqpeNLcJ80NK65_fV7S1UTNp7wJXdR1xX66M6thRzqrQ6_o4HcW8ZfkNO26r5aioETgZ1M0luSsj-o69URGWyw/IMG_0479.jpg https://images.squarespace-cdn.com/content/v1/5f4005a8d7146f58de2916d1/1621268054512-HA42GWRXDFY56J50L9FY/ke17ZwdGBToddI8pDm48kETm5x2zEnocbwI6bY9OQn17gQa3H78H3Y0txjaiv_0fDoOvxcdMmMKkDsyUqMSsMWxHk725yiiHCCLfrh8O1z5QPOohDIaIeljMHgDF5CVlOqpeNLcJ80NK65_fV7S1UYPnEIaPjPq7xQxvCDd_EOBS9V8LHbEswcxNMwQmIfkh5WCyQyOJ9MaU8ZRMICBxFg/IMG_0480.jpg https://images.squarespace-cdn.com/content/v1/5f4005a8d7146f58de2916d1/1621268055673-ELS984D4ZO5QUO449HNV/ke17ZwdGBToddI8pDm48kKT96-mTqGc-stp-zZRIm9p7gQa3H78H3Y0txjaiv_0fDoOvxcdMmMKkDsyUqMSsMWxHk725yiiHCCLfrh8O1z5QPOohDIaIeljMHgDF5CVlOqpeNLcJ80NK65_fV7S1UTNp7wJXdR1xX66M6thRzqrQ6_o4HcW8ZfkNO26r5aioETgZ1M0luSsj-o69URGWyw/IMG_0481.jpg https://images.squarespace-cdn.com/content/v1/5f4005a8d7146f58de2916d1/1621268055301-WCO3C6QDASV3551R87Y0/ke17ZwdGBToddI8pDm48kCGS4bMmAtd6wFO81zVeLrl7gQa3H78H3Y0txjaiv_0fDoOvxcdMmMKkDsyUqMSsMWxHk725yiiHCCLfrh8O1z5QPOohDIaIeljMHgDF5CVlOqpeNLcJ80NK65_fV7S1URhj4UXwM5IIjPLsBmm33smNoaXqwndbpAUk2R-mlWEAlotzjZwTJcqBZZbgS9G89A/IMG_0482.jpg,
60a296a48a5fb2664bca3d02,1a77a5c3-1406-49ff-b296-a3da1707f84b,Fabric ,https://withashleycrafts.com/shop-fabric-online-fabric-store-inspiration-quilt-kits/p/blue-rifle-paper-co-fat-quarter-bundle,Blue Rifle Paper Co. Floral Fabric Fat Quarter Bundle,"Unique fabric bundle of (11) Fat Quarters (18'' x 22'') curated to create a natural versatile color bundle ready for crafting of any kind for the season!

Each Fat Quarter is 100% Premium Cotton from Art Gallery Fabrics, Riley Blake Designs, Rifle Paper Co, & Figo Fabrics.",SQ0385040,,,in stock,With Ashley Fabric & Crafts ,,,,,,,,,35.5,0,1,/fat-quarter-bundles,"fat quarter bundle, quilt bundle, art gallery fabric",0,6,4,1,Yes,https://images.squarespace-cdn.com/content/v1/5f4005a8d7146f58de2916d1/1621268247849-KOMHJBMJDOQA4PJBGEH3/ke17ZwdGBToddI8pDm48kIo4oqr9rIyi8KuGFtKRUoZ7gQa3H78H3Y0txjaiv_0fDoOvxcdMmMKkDsyUqMSsMWxHk725yiiHCCLfrh8O1z5QPOohDIaIeljMHgDF5CVlOqpeNLcJ80NK65_fV7S1UWG96y9p2nGCz2AW3gZxnRqGsMPECUoCaFZwjIH65w1TPf6jV_o13EewA9TW8mGzDw/IMG_0541.jpg https://images.squarespace-cdn.com/content/v1/5f4005a8d7146f58de2916d1/1621268247984-GXE4R44NSYVQJWKAHX30/ke17ZwdGBToddI8pDm48kBuNCcxzUfV1Bd-p9TEHzLF7gQa3H78H3Y0txjaiv_0fDoOvxcdMmMKkDsyUqMSsMWxHk725yiiHCCLfrh8O1z5QHyNOqBUUEtDDsRWrJLTm8CnKHo2wjeO4u63FO9raGH2PmgTLqD52709TuwAxiZCwYC2QYJC9kgUQ2pnLI-Cs/IMG_0542.jpg https://images.squarespace-cdn.com/content/v1/5f4005a8d7146f58de2916d1/1621268247797-JR25UFYP4UNM5OF20NN9/ke17ZwdGBToddI8pDm48kJaGtiZw_JEZmGv5lXh_OfZ7gQa3H78H3Y0txjaiv_0fDoOvxcdMmMKkDsyUqMSsMWxHk725yiiHCCLfrh8O1z5QPOohDIaIeljMHgDF5CVlOqpeNLcJ80NK65_fV7S1UZU9nllzgzUKq7Qe7BIO0WV_fgIRrHnHfqIkFASom0bfOcTOxFyN6ZGR4RZliLRewA/IMG_0545.jpg https://images.squarespace-cdn.com/content/v1/5f4005a8d7146f58de2916d1/1621268247333-2MIRGBM3DLE12MUPYKV3/ke17ZwdGBToddI8pDm48kKjr1FYPBKU629bTi187ZjZ7gQa3H78H3Y0txjaiv_0fDoOvxcdMmMKkDsyUqMSsMWxHk725yiiHCCLfrh8O1z5QPOohDIaIeljMHgDF5CVlOqpeNLcJ80NK65_fV7S1Ub6XyCgvw62Q53qLUDBkbmmGbLWSTqGIz2eY02PXXjsDud3QxLxmu4egZs7hU0tejw/IMG_0547.jpg https://images.squarespace-cdn.com/content/v1/5f4005a8d7146f58de2916d1/1621268247536-FDVBNGD7U91EM99OWBPX/ke17ZwdGBToddI8pDm48kCtg-PqW32pOipjQcp7F6kh7gQa3H78H3Y0txjaiv_0fDoOvxcdMmMKkDsyUqMSsMWxHk725yiiHCCLfrh8O1z5QHyNOqBUUEtDDsRWrJLTm8CnKHo2wjeO4u63FO9raGBP1Zoh7UXIz-M4Q8KsFj4XrX_1gpXx0NDxHwpaqJfHF/IMG_0548.jpg https://images.squarespace-cdn.com/content/v1/5f4005a8d7146f58de2916d1/1621268248162-F1S1ZAY40YIR2DYSWXAX/ke17ZwdGBToddI8pDm48kKjPRQL5xWN2aSGHiEz_ued7gQa3H78H3Y0txjaiv_0fDoOvxcdMmMKkDsyUqMSsMWxHk725yiiHCCLfrh8O1z5QHyNOqBUUEtDDsRWrJLTmjw4y9jm25X_CplAKqpK2frH8vSSqxoZdCOQr38rV54sbhuWxotCACGsDv6P_9WxT/IMG_0549.jpg https://images.squarespace-cdn.com/content/v1/5f4005a8d7146f58de2916d1/1621268247954-Y6RIQ8ZT4ZTGNDZM3ZT3/ke17ZwdGBToddI8pDm48kKT96-mTqGc-stp-zZRIm9p7gQa3H78H3Y0txjaiv_0fDoOvxcdMmMKkDsyUqMSsMWxHk725yiiHCCLfrh8O1z5QPOohDIaIeljMHgDF5CVlOqpeNLcJ80NK65_fV7S1UTNp7wJXdR1xX66M6thRzqrQ6_o4HcW8ZfkNO26r5aioETgZ1M0luSsj-o69URGWyw/IMG_0551.jpg https://images.squarespace-cdn.com/content/v1/5f4005a8d7146f58de2916d1/1621268248175-Q7SNW08F3UJI5KE2RK2E/ke17ZwdGBToddI8pDm48kKT96-mTqGc-stp-zZRIm9p7gQa3H78H3Y0txjaiv_0fDoOvxcdMmMKkDsyUqMSsMWxHk725yiiHCCLfrh8O1z5QPOohDIaIeljMHgDF5CVlOqpeNLcJ80NK65_fV7S1UTNp7wJXdR1xX66M6thRzqrQ6_o4HcW8ZfkNO26r5aioETgZ1M0luSsj-o69URGWyw/IMG_0553.jpg,
60a297716344d03ad6b66042,ee2cd45b-1a0e-486c-b772-fa330b8ac46f,Fabric ,https://withashleycrafts.com/shop-fabric-online-fabric-store-inspiration-quilt-kits/p/floral-foliage-fat-quarter-bundle,Floral Foliage Fat Quarter Bundle,"Limited quantity Fat Quarter Bundle from @withashleyfabric is back! Enjoy a spring summer garden themed fabric bundle! Unique fabric bundle of (8) Fat Quarters (18'' x 22'') curated to create a natural versatile color bundle ready for crafting of any kind for the season! Each Fat Quarter is 100% Premium Cotton from Art Gallery Fabrics, Riley Blake Designs, & Rifle Paper Co",SQ0140625,,,in stock,With Ashley Fabric & Crafts ,,,,,,,,,29.99,0,1,/fat-quarter-bundles,"fat quarter bundle, quilt bundle, art gallery fabric",0,6,4,1,Yes,https://images.squarespace-cdn.com/content/v1/5f4005a8d7146f58de2916d1/1621268418268-OPLO9U0WSBPJ1ZSYK85I/ke17ZwdGBToddI8pDm48kKT96-mTqGc-stp-zZRIm9p7gQa3H78H3Y0txjaiv_0fDoOvxcdMmMKkDsyUqMSsMWxHk725yiiHCCLfrh8O1z5QPOohDIaIeljMHgDF5CVlOqpeNLcJ80NK65_fV7S1UTNp7wJXdR1xX66M6thRzqrQ6_o4HcW8ZfkNO26r5aioETgZ1M0luSsj-o69URGWyw/IMG_0502.jpg https://images.squarespace-cdn.com/content/v1/5f4005a8d7146f58de2916d1/1621268418640-NQNTBUV6DCNQTS5438X4/ke17ZwdGBToddI8pDm48kKT96-mTqGc-stp-zZRIm9p7gQa3H78H3Y0txjaiv_0fDoOvxcdMmMKkDsyUqMSsMWxHk725yiiHCCLfrh8O1z5QPOohDIaIeljMHgDF5CVlOqpeNLcJ80NK65_fV7S1UTNp7wJXdR1xX66M6thRzqrQ6_o4HcW8ZfkNO26r5aioETgZ1M0luSsj-o69URGWyw/IMG_0504.jpg https://images.squarespace-cdn.com/content/v1/5f4005a8d7146f58de2916d1/1621268418045-LNR6VP1UO346L83CINXQ/ke17ZwdGBToddI8pDm48kKT96-mTqGc-stp-zZRIm9p7gQa3H78H3Y0txjaiv_0fDoOvxcdMmMKkDsyUqMSsMWxHk725yiiHCCLfrh8O1z5QPOohDIaIeljMHgDF5CVlOqpeNLcJ80NK65_fV7S1UTNp7wJXdR1xX66M6thRzqrQ6_o4HcW8ZfkNO26r5aioETgZ1M0luSsj-o69URGWyw/IMG_0505.jpg https://images.squarespace-cdn.com/content/v1/5f4005a8d7146f58de2916d1/1621268418780-8U7FGBH328GSN65MO63Y/ke17ZwdGBToddI8pDm48kCWrAcYmDgGzhRKyqngymHt7gQa3H78H3Y0txjaiv_0fDoOvxcdMmMKkDsyUqMSsMWxHk725yiiHCCLfrh8O1z5QPOohDIaIeljMHgDF5CVlOqpeNLcJ80NK65_fV7S1Ua2X_v52ChJ7_WHTPUeQKw7HCYBeoIoUmQtm_hYP1LozE8Dhi5lIXKj5XtUVuYW2VQ/IMG_0506.jpg https://images.squarespace-cdn.com/content/v1/5f4005a8d7146f58de2916d1/1621268418314-OOLJ6TPNTWM2A94B0TE6/ke17ZwdGBToddI8pDm48kIsZYtyFaIPUfnP0OZxtkj17gQa3H78H3Y0txjaiv_0fDoOvxcdMmMKkDsyUqMSsMWxHk725yiiHCCLfrh8O1z5QPOohDIaIeljMHgDF5CVlOqpeNLcJ80NK65_fV7S1Ucw5LMHV0ah7cMLrTDsdZiEnV_6FWCvGMOtaSUBKyCiY_4BNURlgZDo8dMY1e-7KcA/IMG_0507.jpg https://images.squarespace-cdn.com/content/v1/5f4005a8d7146f58de2916d1/1621268418046-CGQCSXJBFLVBVIOZPHT5/ke17ZwdGBToddI8pDm48kE3eL8nVGVL9E_mXphcfsxp7gQa3H78H3Y0txjaiv_0fDoOvxcdMmMKkDsyUqMSsMWxHk725yiiHCCLfrh8O1z5QHyNOqBUUEtDDsRWrJLTmTl_ALRZE0UkEheIF40jl8kGxQfbjYyQo4uy-gN8zMEvTPeV6mdtmQBWuwXVutppV/IMG_0508.jpg,
60a29b6fc1160068a999b625,f0c4b68c-54d6-404f-94b0-dbda179c1e4a,Sewing Quilting Thread,https://withashleycrafts.com/shop-fabric-online-fabric-store-inspiration-quilt-kits/p/aurifil-50wt-cotton-thread-1422yd-of-quilting-apparel-sewing,"Aurifil 50wt Cotton Thread - 1,422yd of Quilting & apparel sewing thread","Aurifil- Cotton. Use this thread for hand applique, hand piecing, lace, long arm quilting, machine applique, machine embroidery, machine piecing and machine quilting. This package contains 1,422 yards of 50wt 100% cotton thread. Comes in a variety of colors. Each sold separately. Imported. Made in Italy.",SQ7723487,Color,2026 - Chalk,in stock,With Ashley Fabric & Crafts ,,,,,,,,,12.49,0,2,/thread-sewing-notions/aurifil-50wt-sewing-machine-thread,"sewing machine thread, quilting thread, thread, machine sewing, quilting, aurifil",0,0,0,0,Yes,https://images.squarespace-cdn.com/content/v1/5f4005a8d7146f58de2916d1/1621269480429-FPSXDODWCQF54SHBPO7D/ke17ZwdGBToddI8pDm48kIg0vdQ_WWavnXWmkDyLvfNZw-zPPgdn4jUwVcJE1ZvWQUxwkmyExglNqGp0IvTJZamWLI2zvYWH8K3-s_4yszcp2ryTI0HqTOaaUohrI8PIeIM7dSKdjwQuEU_SV_RI8F6sTzKOFqVkEzoFzlSfvrIKMshLAGzx4R3EDFOm1kBS/il_794xN.2793759990_qxvs.jpg https://images.squarespace-cdn.com/content/v1/5f4005a8d7146f58de2916d1/1621269479962-Q0RR0C0BLG05ZTLSG66N/ke17ZwdGBToddI8pDm48kE9MKJdzpFCcPN-1CLKDoZtZw-zPPgdn4jUwVcJE1ZvWQUxwkmyExglNqGp0IvTJZamWLI2zvYWH8K3-s_4yszcp2ryTI0HqTOaaUohrI8PIRnXVtkvsZndeE-log6qBbWzFguPXME1vF8IOrSQ6GcEKMshLAGzx4R3EDFOm1kBS/il_794xN.2724288018_fhn5.jpg https://images.squarespace-cdn.com/content/v1/5f4005a8d7146f58de2916d1/1621269479966-YX9ZV6U9GOKY9HFXONML/ke17ZwdGBToddI8pDm48kO8OG9dW798MndLchm6OwdUUqsxRUqqbr1mOJYKfIPR7LoDQ9mXPOjoJoqy81S2I8PaoYXhp6HxIwZIk7-Mi3Tsic-L2IOPH3Dwrhl-Ne3Z2j7aOeUaXKJd-jrT5P1QVBOWMycNuSZ5HByHNASk5lzWkL3r1G49e-3ZnDLNRdB_t/il_794xN.2793760088_eo05.jpg https://images.squarespace-cdn.com/content/v1/5f4005a8d7146f58de2916d1/1621269479957-UFWZLQ8Z9S0WSZ8W4JE8/ke17ZwdGBToddI8pDm48kNxoO356m9cVp1y_m05FjekUqsxRUqqbr1mOJYKfIPR7LoDQ9mXPOjoJoqy81S2I8PaoYXhp6HxIwZIk7-Mi3Tsic-L2IOPH3Dwrhl-Ne3Z2rY-hmE_sC7PL8c3ySKt2kJTvgophLowxTUZGQmCVD3Mm_AaHWq01a8yFgqe9oqFs/il_794xN.2793760260_l3qu.jpg https://images.squarespace-cdn.com/content/v1/5f4005a8d7146f58de2916d1/1621269479963-M75CKX5MGDJGCZCS0O70/ke17ZwdGBToddI8pDm48kDe6IYIk-hW97MHHqp8qvB8UqsxRUqqbr1mOJYKfIPR7LoDQ9mXPOjoJoqy81S2I8PaoYXhp6HxIwZIk7-Mi3Tsic-L2IOPH3Dwrhl-Ne3Z2f-GpG2LwuouW5woP6eK0ggpg3gPXZs52Rt-MScwTMkAbq_pQtFqHzdGAdcBYPmVt/il_794xN.2841433739_fok2.jpg,
,da14c8f0-a632-4ec2-9813-9119e84b7085,,,,,SQ9528950,Color,2309 - Silver White,in stock,With Ashley Fabric & Crafts ,,,,,,,,,12.49,0,2,,,0,0,0,0,,,
60a29d14c1160068a999b683,292b90bb-27de-46e4-8710-f581101cc08c,Hand Embroidery Shop,https://withashleycrafts.com/shop-fabric-online-fabric-store-inspiration-quilt-kits/p/dmc-pearl-cotton-ball-size-8-perle-thread-ball-embroidery-thread-hand-quilting-punch-needle,DMC Pearl Cotton Ball Size 8  Perle Thread Ball Embroidery and Hand Quilting Thread,"DMC Pearl Cotton is a highly mercerized, non-divisible, lustrous, 100% cotton thread. The thread is soft, silky and 100% colorfast. It does not fluff or kink. Provides wonderful volume and dimension to embroidery.",SQ3200896,Color,208 - Very Dark Lavender,in stock,With Ashley Fabric & Crafts ,,,,,,,,,2.99,0,0,/thread-sewing-notions/dmc-hand-quilting-thread,"dmc, embroidery thread, hand quilting, hand quilting shop, quilting, floss, thread, pearl cotton, pearl cotton 8, hand quilt binding",0,0,0,0,Yes,https://images.squarespace-cdn.com/content/v1/5f4005a8d7146f58de2916d1/1621270173500-FZIUHPEJMW7COCTWJ7NG/ke17ZwdGBToddI8pDm48kNI1fk7QzWItCEYEYXVDg5V7gQa3H78H3Y0txjaiv_0fDoOvxcdMmMKkDsyUqMSsMWxHk725yiiHCCLfrh8O1z5QPOohDIaIeljMHgDF5CVlOqpeNLcJ80NK65_fV7S1UcWQ-s95RhE8AVrNl6faCaxlY2MVpsNFghy7QfgMAw_WcTyyucow4w2PP5cyTif0EQ/il_1588xN.2771780485_qjkq.jpg https://images.squarespace-cdn.com/content/v1/5f4005a8d7146f58de2916d1/1621270173451-YIHEBO02JVDJB9URT4I1/ke17ZwdGBToddI8pDm48kDn4pMAc1UBJumBekcMR7t97gQa3H78H3Y0txjaiv_0fDoOvxcdMmMKkDsyUqMSsMWxHk725yiiHCCLfrh8O1z5QPOohDIaIeljMHgDF5CVlOqpeNLcJ80NK65_fV7S1US5qaZZEgokAoEKoxwPhH7SLx4YRrULxlgMPHZO13TrkoT__5iE7svB1u_pQDzoSaA/il_1588xN.2734883719_48fm.jpg https://images.squarespace-cdn.com/content/v1/5f4005a8d7146f58de2916d1/1621270173139-BH6Q8DNCJPTIQFL7LQRH/ke17ZwdGBToddI8pDm48kDe6IYIk-hW97MHHqp8qvB8UqsxRUqqbr1mOJYKfIPR7LoDQ9mXPOjoJoqy81S2I8PaoYXhp6HxIwZIk7-Mi3Tsic-L2IOPH3Dwrhl-Ne3Z2f-GpG2LwuouW5woP6eK0ggpg3gPXZs52Rt-MScwTMkAbq_pQtFqHzdGAdcBYPmVt/il_794xN.2724094092_anml.jpg https://images.squarespace-cdn.com/content/v1/5f4005a8d7146f58de2916d1/1621270173170-S90K6R3P7JXSHRGTNMRN/ke17ZwdGBToddI8pDm48kDe6IYIk-hW97MHHqp8qvB8UqsxRUqqbr1mOJYKfIPR7LoDQ9mXPOjoJoqy81S2I8PaoYXhp6HxIwZIk7-Mi3Tsic-L2IOPH3Dwrhl-Ne3Z2f-GpG2LwuouW5woP6eK0ggpg3gPXZs52Rt-MScwTMkAbq_pQtFqHzdGAdcBYPmVt/il_794xN.2724094094_ivj7.jpg https://images.squarespace-cdn.com/content/v1/5f4005a8d7146f58de2916d1/1621270173140-8DDYUHAU4VBMHF16RCNL/ke17ZwdGBToddI8pDm48kDe6IYIk-hW97MHHqp8qvB8UqsxRUqqbr1mOJYKfIPR7LoDQ9mXPOjoJoqy81S2I8PaoYXhp6HxIwZIk7-Mi3Tsic-L2IOPH3Dwrhl-Ne3Z2f-GpG2LwuouW5woP6eK0ggpg3gPXZs52Rt-MScwTMkAbq_pQtFqHzdGAdcBYPmVt/il_794xN.2724094098_4r69.jpg https://images.squarespace-cdn.com/content/v1/5f4005a8d7146f58de2916d1/1621270173142-XANOI7VMFPB03WPIEXHG/ke17ZwdGBToddI8pDm48kDe6IYIk-hW97MHHqp8qvB8UqsxRUqqbr1mOJYKfIPR7LoDQ9mXPOjoJoqy81S2I8PaoYXhp6HxIwZIk7-Mi3Tsic-L2IOPH3Dwrhl-Ne3Z2f-GpG2LwuouW5woP6eK0ggpg3gPXZs52Rt-MScwTMkAbq_pQtFqHzdGAdcBYPmVt/il_794xN.2724094102_elgo.jpg https://images.squarespace-cdn.com/content/v1/5f4005a8d7146f58de2916d1/1621270173173-EZ8NA531OXI6BNN3AJZR/ke17ZwdGBToddI8pDm48kHqzhJIkHMeONgtMqB6-zbcUqsxRUqqbr1mOJYKfIPR7LoDQ9mXPOjoJoqy81S2I8PaoYXhp6HxIwZIk7-Mi3Tsic-L2IOPH3Dwrhl-Ne3Z2DnNurzByXxUbAd3iq64QQ8uDT2pPGRH8-Ztw-y9Hi8abtxPRH917Fz9Qv_NunPol/il_794xN.2771780465_se3e.jpg https://images.squarespace-cdn.com/content/v1/5f4005a8d7146f58de2916d1/1621270173169-J4OILCKC4TMONP5BLOGW/ke17ZwdGBToddI8pDm48kDe6IYIk-hW97MHHqp8qvB8UqsxRUqqbr1mOJYKfIPR7LoDQ9mXPOjoJoqy81S2I8PaoYXhp6HxIwZIk7-Mi3Tsic-L2IOPH3Dwrhl-Ne3Z2f-GpG2LwuouW5woP6eK0ggpg3gPXZs52Rt-MScwTMkAbq_pQtFqHzdGAdcBYPmVt/il_794xN.2771780467_bq1s.jpg https://images.squarespace-cdn.com/content/v1/5f4005a8d7146f58de2916d1/1621270173176-JVOAE3LONIG83INX814W/ke17ZwdGBToddI8pDm48kDe6IYIk-hW97MHHqp8qvB8UqsxRUqqbr1mOJYKfIPR7LoDQ9mXPOjoJoqy81S2I8PaoYXhp6HxIwZIk7-Mi3Tsic-L2IOPH3Dwrhl-Ne3Z2f-GpG2LwuouW5woP6eK0ggpg3gPXZs52Rt-MScwTMkAbq_pQtFqHzdGAdcBYPmVt/il_794xN.2771780469_5ujy.jpg https://images.squarespace-cdn.com/content/v1/5f4005a8d7146f58de2916d1/1621270396544-GNM89B9E5BD7EUTKEBZJ/ke17ZwdGBToddI8pDm48kDe6IYIk-hW97MHHqp8qvB8UqsxRUqqbr1mOJYKfIPR7LoDQ9mXPOjoJoqy81S2I8PaoYXhp6HxIwZIk7-Mi3Tsic-L2IOPH3Dwrhl-Ne3Z2f-GpG2LwuouW5woP6eK0ggpg3gPXZs52Rt-MScwTMkAbq_pQtFqHzdGAdcBYPmVt/il_794xN.2687200632_q2mn.jpg https://images.squarespace-cdn.com/content/v1/5f4005a8d7146f58de2916d1/1621270396561-2VLRCNTHDE397GXMN1YZ/ke17ZwdGBToddI8pDm48kDe6IYIk-hW97MHHqp8qvB8UqsxRUqqbr1mOJYKfIPR7LoDQ9mXPOjoJoqy81S2I8PaoYXhp6HxIwZIk7-Mi3Tsic-L2IOPH3Dwrhl-Ne3Z2f-GpG2LwuouW5woP6eK0ggpg3gPXZs52Rt-MScwTMkAbq_pQtFqHzdGAdcBYPmVt/il_794xN.2687200634_qfa0.jpg https://images.squarespace-cdn.com/content/v1/5f4005a8d7146f58de2916d1/1621270396605-5QZADY5YHHOHNT120FQP/ke17ZwdGBToddI8pDm48kDe6IYIk-hW97MHHqp8qvB8UqsxRUqqbr1mOJYKfIPR7LoDQ9mXPOjoJoqy81S2I8PaoYXhp6HxIwZIk7-Mi3Tsic-L2IOPH3Dwrhl-Ne3Z2f-GpG2LwuouW5woP6eK0ggpg3gPXZs52Rt-MScwTMkAbq_pQtFqHzdGAdcBYPmVt/il_794xN.2687200642_blve.jpg https://images.squarespace-cdn.com/content/v1/5f4005a8d7146f58de2916d1/1621270396636-LW8A4QWUZ7IS9KSQALHX/ke17ZwdGBToddI8pDm48kFf5oWko8ZByootv4Alsim4UqsxRUqqbr1mOJYKfIPR7LoDQ9mXPOjoJoqy81S2I8PaoYXhp6HxIwZIk7-Mi3Tsic-L2IOPH3Dwrhl-Ne3Z25PXl8HYfwDZdxwAatJf9NUU-rEw7eO8TF3D26TtD3e0fdurHDt8XjyaGurlSWvQe/il_794xN.2687200650_8can.jpg https://images.squarespace-cdn.com/content/v1/5f4005a8d7146f58de2916d1/1621270396669-2FHII7GEGS4REJ02SYGJ/ke17ZwdGBToddI8pDm48kDe6IYIk-hW97MHHqp8qvB8UqsxRUqqbr1mOJYKfIPR7LoDQ9mXPOjoJoqy81S2I8PaoYXhp6HxIwZIk7-Mi3Tsic-L2IOPH3Dwrhl-Ne3Z2f-GpG2LwuouW5woP6eK0ggpg3gPXZs52Rt-MScwTMkAbq_pQtFqHzdGAdcBYPmVt/il_794xN.2734883685_n444.jpg https://images.squarespace-cdn.com/content/v1/5f4005a8d7146f58de2916d1/1621270966849-CZEX7EKEBJ9MNYCQ4JHC/ke17ZwdGBToddI8pDm48kDe6IYIk-hW97MHHqp8qvB8UqsxRUqqbr1mOJYKfIPR7LoDQ9mXPOjoJoqy81S2I8PaoYXhp6HxIwZIk7-Mi3Tsic-L2IOPH3Dwrhl-Ne3Z2f-GpG2LwuouW5woP6eK0ggpg3gPXZs52Rt-MScwTMkAbq_pQtFqHzdGAdcBYPmVt/il_794xN.2724094100_jd9t.jpg,
,799162b2-6169-4135-ac27-7a3c740b55c7,,,,,SQ5667440,Color,223 - Light Shell Pink,in stock,With Ashley Fabric & Crafts ,,,,,,,,,2.99,0,0,,,0,0,0,0,,,
,5b439265-cb33-4940-8075-6e5f22d5bdf9,,,,,SQ4092719,Color,224- Very Light Shell Pink,in stock,With Ashley Fabric & Crafts ,,,,,,,,,2.99,0,4,,,0,0,0,0,,,
,55893bb5-5200-403f-af16-a8a7a2ea8899,,,,,SQ3822186,Color,310 - Black,in stock,With Ashley Fabric & Crafts ,,,,,,,,,2.99,0,0,,,0,0,0,0,,,
,93996958-0d5b-481f-ab45-d5351802597f,,,,,SQ6059772,Color,606 - Bright Orange-Red,in stock,With Ashley Fabric & Crafts ,,,,,,,,,2.99,0,5,,,0,0,0,0,,,
,d16a5512-6000-4daf-9931-87231dc7c89d,,,,,SQ3312385,Color,760 - Salmon,in stock,With Ashley Fabric & Crafts ,,,,,,,,,2.99,0,0,,,0,0,0,0,,,
,bff6be1f-3bab-4be2-92fe-5cdf6018896c,,,,,SQ2923055,Color,776 - Medium Pink,in stock,With Ashley Fabric & Crafts ,,,,,,,,,2.99,0,0,,,0,0,0,0,,,
,40f3147d-8868-45df-afe2-cbca758ab47a,,,,,SQ3086175,Color,822 - Light Beige Gray,in stock,With Ashley Fabric & Crafts ,,,,,,,,,2.99,0,0,,,0,0,0,0,,,
,35d412ba-2a55-4fe7-af88-8a9255eb51cd,,,,,SQ1381123,Color,890 - Ultra Dark Pistachio Green,in stock,With Ashley Fabric & Crafts ,,,,,,,,,2.99,0,1,,,0,0,0,0,,,
,b6e5ac93-6fcc-4151-bb76-e8db7ef0610f,,,,,SQ4039974,Color,906 - Medium Parrot Green,in stock,With Ashley Fabric & Crafts ,,,,,,,,,2.99,0,2,,,0,0,0,0,,,
,415b3f92-2fcb-4598-be03-862639a68d05,,,,,SQ6779605,Color,956 - Geranium,in stock,With Ashley Fabric & Crafts ,,,,,,,,,2.99,0,0,,,0,0,0,0,,,
,68078093-c236-4f57-86d5-84318fbec824,,,,,SQ8199979,Color,3345 - Dark Hunter Green,in stock,With Ashley Fabric & Crafts ,,,,,,,,,2.99,0,1,,,0,0,0,0,,,
,a7a9ab09-cf60-409c-b618-d46204f00f82,,,,,SQ2689309,Color,3865 - Winter White,in stock,With Ashley Fabric & Crafts ,,,,,,,,,2.99,0,0,,,0,0,0,0,,,
,02067698-92b0-43ea-81f5-c512acb02a84,,,,,SQ7677264,Color,B5200 - White,in stock,With Ashley Fabric & Crafts ,,,,,,,,,2.99,0,5,,,0,0,0,0,,,
,cd338347-0d29-4c7f-a3f5-e44714c94192,,,,,SQ0109683,Color,311 -Medium Navy Blue,in stock,With Ashley Fabric & Crafts ,,,,,,,,,2.99,0,1,,,0,0,0,0,,,
,02a3f52e-a9a7-4af9-a5fe-12a92111813e,,,,,SQ4047623,Color,321 - Christmas Red,in stock,With Ashley Fabric & Crafts ,,,,,,,,,2.99,0,1,,,0,0,0,0,,,
60a2a335c1160068a999b7e2,ee221f1c-00bf-49c1-af3b-7015fe6cf91a,Fabric ,https://withashleycrafts.com/shop-fabric-online-fabric-store-inspiration-quilt-kits/p/stay-humble-foresta-yardage-foresta-fusion-collection,Stay Humble Foresta Fabric Yardage for the Foresta Fusion Collection,"Now Shipping day of order! Stay Humble Foresta by Art Gallery Fabrics - 'Foresta Fusion' Collection is here with Fabric by the Yard Discover an enchanting forest that awakens at dusk, when woodland animals come out to forage amongst the dark, moody florals and towering trees. Grounded in cranberry and pine with dusted pinks, this collection is for those whose hearts are filled with wanderlust.",SQ4607944,Size,1/4 Yard,in stock,With Ashley Fabric & Crafts ,,,,,,,,,3.99,0,4,/fabric-by-the-yard/art-gallery-fabrics,"fabric yardage, quilt fabric, art gallery fabric, pink",0,0,0,0,Yes,https://images.squarespace-cdn.com/content/v1/5f4005a8d7146f58de2916d1/1621271676814-H44II45MZ219NRYW2EGZ/ke17ZwdGBToddI8pDm48kNI1fk7QzWItCEYEYXVDg5V7gQa3H78H3Y0txjaiv_0fDoOvxcdMmMKkDsyUqMSsMWxHk725yiiHCCLfrh8O1z5QPOohDIaIeljMHgDF5CVlOqpeNLcJ80NK65_fV7S1UcWQ-s95RhE8AVrNl6faCaxlY2MVpsNFghy7QfgMAw_WcTyyucow4w2PP5cyTif0EQ/il_1588xN.3106483655_7j63.jpg https://images.squarespace-cdn.com/content/v1/5f4005a8d7146f58de2916d1/1621271676592-JSEK0WIBYEA0UGE5VE13/ke17ZwdGBToddI8pDm48kDe6IYIk-hW97MHHqp8qvB8UqsxRUqqbr1mOJYKfIPR7LoDQ9mXPOjoJoqy81S2I8PaoYXhp6HxIwZIk7-Mi3Tsic-L2IOPH3Dwrhl-Ne3Z2f-GpG2LwuouW5woP6eK0ggpg3gPXZs52Rt-MScwTMkAbq_pQtFqHzdGAdcBYPmVt/il_794xN.3058751510_1n8r.jpg https://images.squarespace-cdn.com/content/v1/5f4005a8d7146f58de2916d1/1621271676523-KBSUZ45R0WMR8BCU5QZ7/ke17ZwdGBToddI8pDm48kDe6IYIk-hW97MHHqp8qvB8UqsxRUqqbr1mOJYKfIPR7LoDQ9mXPOjoJoqy81S2I8PaoYXhp6HxIwZIk7-Mi3Tsic-L2IOPH3Dwrhl-Ne3Z2f-GpG2LwuouW5woP6eK0ggpg3gPXZs52Rt-MScwTMkAbq_pQtFqHzdGAdcBYPmVt/il_794xN.3106483635_kc1k.jpg https://images.squarespace-cdn.com/content/v1/5f4005a8d7146f58de2916d1/1621271676489-XUQDV039CHBFAKBFE4P0/ke17ZwdGBToddI8pDm48kDe6IYIk-hW97MHHqp8qvB8UqsxRUqqbr1mOJYKfIPR7LoDQ9mXPOjoJoqy81S2I8PaoYXhp6HxIwZIk7-Mi3Tsic-L2IOPH3Dwrhl-Ne3Z2f-GpG2LwuouW5woP6eK0ggpg3gPXZs52Rt-MScwTMkAbq_pQtFqHzdGAdcBYPmVt/il_794xN.3106483643_q1w4.jpg https://images.squarespace-cdn.com/content/v1/5f4005a8d7146f58de2916d1/1621271676593-Y61WMB6QF3YKTT14PX1I/ke17ZwdGBToddI8pDm48kDe6IYIk-hW97MHHqp8qvB8UqsxRUqqbr1mOJYKfIPR7LoDQ9mXPOjoJoqy81S2I8PaoYXhp6HxIwZIk7-Mi3Tsic-L2IOPH3Dwrhl-Ne3Z2f-GpG2LwuouW5woP6eK0ggpg3gPXZs52Rt-MScwTMkAbq_pQtFqHzdGAdcBYPmVt/il_794xN.3106483645_2zjy.jpg https://images.squarespace-cdn.com/content/v1/5f4005a8d7146f58de2916d1/1621271676270-3858CLQ464LEF5ITTW02/ke17ZwdGBToddI8pDm48kEoJmA0Abk1RrrM77uDVNFhZw-zPPgdn4jUwVcJE1ZvWQUxwkmyExglNqGp0IvTJZamWLI2zvYWH8K3-s_4yszcp2ryTI0HqTOaaUohrI8PIecCtomI4OQXCfULyDTUGqI_q-TQiniCLvIy8yIJMAmQKMshLAGzx4R3EDFOm1kBS/il_794xN.3053679872_8f5j.jpg,
,fa712925-49ab-466e-b5fe-bf9327816c2e,,,,,SQ8963682,Size,1/2 Yard,in stock,With Ashley Fabric & Crafts ,,,,,,,,,5.99,0,4,,,0,0,0,0,,,
,f7bfe69a-5077-43e7-9b63-16945712e556,,,,,SQ5145820,Size,1 Yard,in stock,With Ashley Fabric & Crafts ,,,,,,,,,11.99,0,2,,,0,0,0,0,,,
60a2b1c3808d8e06a68ca862,90392a05-9ac3-4d41-ba43-6bf38dc53713,Fabric ,https://withashleycrafts.com/shop-fabric-online-fabric-store-inspiration-quilt-kits/p/blushing-yardage-pure-solids-collection,Art Gallery Fabric Blushing Fabric Yardage for the Pure Solids Collection,Blushing by Art Gallery Fabrics for the Pure Solids collection in a light soft pink shade. A great subtle shade for any quilt or spring summer craft.,SQ4840615,Size,1/4 Yard,in stock,With Ashley Fabric & Crafts ,,,,,,,,,2.99,0,4,/fabric-by-the-yard/art-gallery-fabrics,"fabric yardage, quilt fabric, art gallery fabric, pink, solid fabric",4,4,2,0,Yes,https://images.squarespace-cdn.com/content/v1/5f4005a8d7146f58de2916d1/1621275326428-7FEYTCVMRNBKWFHE08Y5/ke17ZwdGBToddI8pDm48kDe6IYIk-hW97MHHqp8qvB8UqsxRUqqbr1mOJYKfIPR7LoDQ9mXPOjoJoqy81S2I8PaoYXhp6HxIwZIk7-Mi3Tsic-L2IOPH3Dwrhl-Ne3Z2f-GpG2LwuouW5woP6eK0ggpg3gPXZs52Rt-MScwTMkAbq_pQtFqHzdGAdcBYPmVt/il_794xN.2724422836_rqh5.jpg https://images.squarespace-cdn.com/content/v1/5f4005a8d7146f58de2916d1/1621275326320-R9N4Q3JOUSLSZESWX0XR/ke17ZwdGBToddI8pDm48kJvQOvbRJLzsPJUokeImotFZw-zPPgdn4jUwVcJE1ZvWQUxwkmyExglNqGp0IvTJZamWLI2zvYWH8K3-s_4yszcp2ryTI0HqTOaaUohrI8PI2Gl4uQKO2lOOBigXvUz2vEHR5-nCF2jMfvJq-uXgW8wKMshLAGzx4R3EDFOm1kBS/il_794xN.2724423086_apn7.jpg https://images.squarespace-cdn.com/content/v1/5f4005a8d7146f58de2916d1/1621275326429-SMFU1QGUIA2NKRMMK58I/ke17ZwdGBToddI8pDm48kDe6IYIk-hW97MHHqp8qvB8UqsxRUqqbr1mOJYKfIPR7LoDQ9mXPOjoJoqy81S2I8PaoYXhp6HxIwZIk7-Mi3Tsic-L2IOPH3Dwrhl-Ne3Z2f-GpG2LwuouW5woP6eK0ggpg3gPXZs52Rt-MScwTMkAbq_pQtFqHzdGAdcBYPmVt/il_794xN.2772111207_qmjx.jpg https://images.squarespace-cdn.com/content/v1/5f4005a8d7146f58de2916d1/1621275326397-9MT5BQNJ152JL8GMACM6/ke17ZwdGBToddI8pDm48kDe6IYIk-hW97MHHqp8qvB8UqsxRUqqbr1mOJYKfIPR7LoDQ9mXPOjoJoqy81S2I8PaoYXhp6HxIwZIk7-Mi3Tsic-L2IOPH3Dwrhl-Ne3Z2f-GpG2LwuouW5woP6eK0ggpg3gPXZs52Rt-MScwTMkAbq_pQtFqHzdGAdcBYPmVt/il_794xN.2772111269_ihny.jpg https://images.squarespace-cdn.com/content/v1/5f4005a8d7146f58de2916d1/1621275326609-AYZNQFDJDJ5Y6TGQZQ8N/ke17ZwdGBToddI8pDm48kNI1fk7QzWItCEYEYXVDg5V7gQa3H78H3Y0txjaiv_0fDoOvxcdMmMKkDsyUqMSsMWxHk725yiiHCCLfrh8O1z5QPOohDIaIeljMHgDF5CVlOqpeNLcJ80NK65_fV7S1UcWQ-s95RhE8AVrNl6faCaxlY2MVpsNFghy7QfgMAw_WcTyyucow4w2PP5cyTif0EQ/il_1588xN.2724423374_ew8x.jpg https://images.squarespace-cdn.com/content/v1/5f4005a8d7146f58de2916d1/1621275350981-6LUTHDYE0GE0PLJYJD0G/ke17ZwdGBToddI8pDm48kAAmuVqSEpIEI7h9BfCUz_VZw-zPPgdn4jUwVcJE1ZvWQUxwkmyExglNqGp0IvTJZamWLI2zvYWH8K3-s_4yszcp2ryTI0HqTOaaUohrI8PIlwWQ2d3gSWrDVEYCYitbfptfs2Dj3XT_nIngtO1SUqM/WITH+ASHLEY+OFFICIAL+LOGO.png,
,e5d81df1-caf0-44e5-8758-49cfafeb0ba1,,,,,SQ4442445,Size,1/2 Yard,in stock,With Ashley Fabric & Crafts ,,,,,,,,,4.99,0,4,,,5,6,4,1,,,
,5e81bc3e-df5e-4866-9cc9-5fb8288d8efd,,,,,SQ8344153,Size,1 Yard,in stock,With Ashley Fabric & Crafts ,,,,,,,,,9.99,0,2,,,8,6,4,1,,,
60a2b30582943a23ab058682,8de1739e-b703-4500-a3de-4985d23a20c9,Fabric ,https://withashleycrafts.com/shop-fabric-online-fabric-store-inspiration-quilt-kits/p/green-blueberries-meadow-collection,Rifle Paper Co Green Blueberries Fabric Yardage for the Meadow Collection,With Ashley Fabric Supply is an online fabric store platform creating a quick and safe fabric shopping experience with a wide selection of brands and prints.,SQ7429455,Size,1/4 Yard,in stock,With Ashley Fabric & Crafts ,,,,,,,,,3.99,0,2,/fabric-by-the-yard/rifle-paper-co,"rifle paper co, green fabric, floral fabric, quilt, quilt fabric",0.2,6,4,0.2,Yes,https://images.squarespace-cdn.com/content/v1/5f4005a8d7146f58de2916d1/1621275612239-BSWJLPHN6OBOPG4P782N/ke17ZwdGBToddI8pDm48kEoJmA0Abk1RrrM77uDVNFhZw-zPPgdn4jUwVcJE1ZvWQUxwkmyExglNqGp0IvTJZamWLI2zvYWH8K3-s_4yszcp2ryTI0HqTOaaUohrI8PIecCtomI4OQXCfULyDTUGqI_q-TQiniCLvIy8yIJMAmQKMshLAGzx4R3EDFOm1kBS/il_794xN.2511309795_33ld.jpg https://images.squarespace-cdn.com/content/v1/5f4005a8d7146f58de2916d1/1621275611893-P5BGFKHYXN285Y5PCC4L/ke17ZwdGBToddI8pDm48kCgrEkoF6JdF9xvjoIazPaRZw-zPPgdn4jUwVcJE1ZvWQUxwkmyExglNqGp0IvTJZamWLI2zvYWH8K3-s_4yszcp2ryTI0HqTOaaUohrI8PIHJSbeq7iaLymB_YJ172Z5Y6xHzCNUN2noTedlnyuhsgKMshLAGzx4R3EDFOm1kBS/il_794xN.2487534662_n5rt.jpg https://images.squarespace-cdn.com/content/v1/5f4005a8d7146f58de2916d1/1621275612150-R9OWUDDVYVY84JRNA0SP/ke17ZwdGBToddI8pDm48kKBAuDtNo2Hfsjz49LU7y7Z7gQa3H78H3Y0txjaiv_0fDoOvxcdMmMKkDsyUqMSsMWxHk725yiiHCCLfrh8O1z5QPOohDIaIeljMHgDF5CVlOqpeNLcJ80NK65_fV7S1UbWRQ22ieu7Dob7-hAESSh6I-ALTtUen48XeAlRVZ-JZwR4DK0LGVSVJx6AiEveu7Q/il_1588xN.2487534688_cd1v.jpg,
,c4f44a87-9330-40ff-a051-c5361ca47305,,,,,SQ1037447,Size,1/2 Yard,in stock,With Ashley Fabric & Crafts ,,,,,,,,,5.99,0,2,,,0.4,9,6,1,,,
,6d8b5852-5a5a-4386-9ef5-9f6e2f40d01d,,,,,SQ1860690,Size,1 Yard,in stock,With Ashley Fabric & Crafts ,,,,,,,,,11.99,0,2,,,0.8,9,6,1,,,
60a2cee449614752110f6ccc,42991dca-8012-4ccb-a3f0-56fe1e28ce14,Fabric ,https://withashleycrafts.com/shop-fabric-online-fabric-store-inspiration-quilt-kits/p/green-blueberries-meadow-collection-hlkth,Rifle Paper Co Blueberries Fabric Yardage for the Meadow Collection,With Ashley Fabric Supply is an online fabric store platform creating a quick and safe fabric shopping experience with a wide selection of brands and prints.,SQ6810776,Size,1/4 Yard,in stock,With Ashley Fabric & Crafts ,,,,,,,,,3.99,0,1,/fabric-by-the-yard/rifle-paper-co,"rifle paper co, green fabric, floral fabric, quilt, quilt fabric",0.2,6,4,0.2,Yes,https://images.squarespace-cdn.com/content/v1/5f4005a8d7146f58de2916d1/1621282680755-ICDG02D0VGZ7LA73TOBD/ke17ZwdGBToddI8pDm48kJQf07olsxPTv2vPsKnpDNR7gQa3H78H3Y0txjaiv_0fDoOvxcdMmMKkDsyUqMSsMWxHk725yiiHCCLfrh8O1z5QPOohDIaIeljMHgDF5CVlOqpeNLcJ80NK65_fV7S1Uau3PvG0o1WWKZXdpdE-PKO9S_XMzk1VA2eFOd1zdQmjagRfogV3tzDcJMnPp3p-dw/il_1588xN.2827348529_dsm8.jpg https://images.squarespace-cdn.com/content/v1/5f4005a8d7146f58de2916d1/1621282680172-NRW3XJ54NP8AI6O1N7D0/ke17ZwdGBToddI8pDm48kNVPBLGFVgSuDsrQtDcwzLpZw-zPPgdn4jUwVcJE1ZvWQUxwkmyExglNqGp0IvTJZamWLI2zvYWH8K3-s_4yszcp2ryTI0HqTOaaUohrI8PIvlaN6sapEMeRJKcVGpMc07s0E_30E6_9qix5VjHa-a8KMshLAGzx4R3EDFOm1kBS/il_794xN.2827348123_nz0o.jpg https://images.squarespace-cdn.com/content/v1/5f4005a8d7146f58de2916d1/1621282680173-F69EYMHPF9Y14T0KG26W/ke17ZwdGBToddI8pDm48kEoJmA0Abk1RrrM77uDVNFhZw-zPPgdn4jUwVcJE1ZvWQUxwkmyExglNqGp0IvTJZamWLI2zvYWH8K3-s_4yszcp2ryTI0HqTOaaUohrI8PIecCtomI4OQXCfULyDTUGqI_q-TQiniCLvIy8yIJMAmQKMshLAGzx4R3EDFOm1kBS/il_794xN.2463677409_dkbr.jpg,
,ae6e7e61-a874-4167-9219-979fc9cc5adf,,,,,SQ3213780,Size,1/2 Yard,in stock,With Ashley Fabric & Crafts ,,,,,,,,,5.99,0,2,,,0.4,9,6,1,,,
,5daed9ea-d5c0-4a94-9eea-3a3274dd6e0f,,,,,SQ8581562,Size,1 Yard,in stock,With Ashley Fabric & Crafts ,,,,,,,,,11.99,0,2,,,0.8,9,6,1,,,